marca,pais,plataforma,anunciante_pagina,id_biblioteca,url,data_inicio,status_em_2026_10_10,dias_ativo,variacoes,formato,duracao_video,angulo,gancho_3s_ou_headline_visual,copy_principal,headline_link,oferta,cta,destino,alcance_ue,rank_impressoes_na_marca,observacoes
Rocket Money,US,Meta,Rocket Money,1074799265309793,https://www.facebook.com/ads/library/?id=1074799265309793,2026-10-05,ativo,5,1,vídeo UGC,0:44,dinheiro escondido/orçamento,I'm making $80K a year.. Here's how I'm budgeting for my new car payments (no carro),Take control of your $$$ 🤑 Download Rocket Money,Take control of your 💸,grátis (freemium),Install Now,App Store,,1,flight inteiro relançado em 05/10/2026
Rocket Money,US,Meta,Rocket Money,1127907266852259,https://www.facebook.com/ads/library/?id=1127907266852259,2026-10-05,ativo,5,várias versões,estático (tela do app),,safe to spend,Tela '$623 left to spend' circulada à mão,Track spending. Find savings. One simple app. ⭐️,Take control of your 💸,grátis,Install Now,App Store,,2,
Rocket Money,US,Meta,Rocket Money,1406878948225193,https://www.facebook.com/ads/library/?id=1406878948225193,2026-10-05,ativo,5,várias versões,vídeo meme/UGC,0:18,dinheiro escondido/assinaturas,Me calculating how much I can spend once my bills and subscriptions hit next week,Your finances simplified.,Take control of your 💸,grátis,Install Now,App Store,,4,
Rocket Money,US,Meta,Rocket Money,2436290740232640,https://www.facebook.com/ads/library/?id=2436290740232640,2026-10-05,ativo,5,várias versões,vídeo entrevista de rua/jogo,0:41,entretenimento + marca,"Answer wrong, get SMACKED",Track spending. Find savings. One simple app. ⭐️,Take control of your 💸,grátis,Install Now,App Store,,7,
Rocket Money,US,Meta,Rocket Money,1103668529146101,https://www.facebook.com/ads/library/?id=1103668529146101,2026-10-05,ativo,5,várias versões,vídeo screen/mockup,0:10,dinheiro escondido/assinaturas,"Cancel unwanted subscriptions (Spotify $12.99, DoorDash $9.99, Netflix)",Take control of your $$$ 🤑 Download Rocket Money,Take control of your 💸,grátis,Install Now,App Store,,8,
Rocket Money,US,Meta,Rocket Money,1621799189334639,https://www.facebook.com/ads/library/?id=1621799189334639,2026-10-05,ativo,5,2,vídeo skit casal,0:32,dinheiro escondido/assinaturas,me after waiting 2.5 hrs on hold,Don’t get roasted. Download Rocket Money.,Take control of your 💸,grátis,Install Now,App Store,,10,
Rocket Money,US,Meta,Rocket Money,1622622142683573,https://www.facebook.com/ads/library/?id=1622622142683573,2026-10-05,ativo,5,várias versões,estático print de DM,,comparação social/orçamento,Print de DM: 'HOW is my coworker raising 3 KIDS on this paycheck' → 'Your coworker probably has a budget... Rocket Money does this all for you',Take control of your $$$ 🤑 Download Rocket Money,Take control of your 💸,grátis,Install Now,App Store,,12,
Rocket Money,US,Meta,Rocket Money,1091730593655407,https://www.facebook.com/ads/library/?id=1091730593655407,2026-10-05,ativo,5,1,vídeo storytime,0:57,drama/entretenimento,"Should he be mad at his sister for THIS? / Hey, can you cover me",Take control of your $$$ 🤑 Download Rocket Money,Take control of your 💸,grátis,Instalar agora,Google Play,,13,
Rocket Money,US,Meta,Rocket Money,2351641802338451,https://www.facebook.com/ads/library/?id=2351641802338451,2026-10-05,ativo,5,várias versões,vídeo UGC,0:44,orçamento de dívida/compra grande,I bought my wife a $51k car.. Here's how I budget for my payments,Take control of your $$$ 🤑 Download Rocket Money,Take control of your 💸,grátis,Install Now,App Store,,16,
Rocket Money,US,Meta,Rocket Money,1465248492087158,https://www.facebook.com/ads/library/?id=1465248492087158,2026-10-05,ativo,5,3,vídeo UGC/meme,0:43,dia do pagamento,Me: *Just got paid* (leque de notas),Take control of your $$$ 🤑 Download Rocket Money,Take control of your 💸,grátis,Install Now,App Store,,14,
Rocket Money,US,Meta,Rocket Money,1831135981414964,https://www.facebook.com/ads/library/?id=1831135981414964,2026-10-05,ativo,5,várias versões,vídeo,0:47,dinheiro escondido/assinaturas,Got subscriptions? Of course you do.,Got subscriptions? Of course you do. Download Rocket Money today.,Take control of your 💸,grátis,Install Now,App Store,,,
Rocket Money,US,Meta,Rocket Money,1719128725841091,https://www.facebook.com/ads/library/?id=1719128725841091,2026-10-05,ativo,5,várias versões,estático print de tweet,,dinheiro escondido/assinaturas,Tweet: 'Wait... I've been paying for 3 DoorDash subscriptions? 😥' + calendário com $252 circulado,Whoa… this app helps you save $$$,Take control of your 💸,grátis,Install Now,App Store,,,
Rocket Money,US,Meta,Rocket Money,,,2026-10-05,ativo,5,várias versões,estático print de tweet,,autoexposição/humor,Tweet: 'I might have a problem. thanks rocket money for exposing me' + Most frequent transactions Starbucks 47x / Target 27x,Take control of your $$$ 🤑 Download Rocket Money,Take control of your 💸,grátis,Install Now,App Store,,,ID não capturado na galeria
Rocket Money,US,Meta,Rocket Money,,,2026-10-05,ativo,5,várias versões,estático meme desenhado,,dinheiro escondido/assinaturas,Meme: 'Thinking I'm on top of my budget' / 'Rocket Money showing me hundreds in forgotten subscriptions',Take control of your $$$ 🤑 Download Rocket Money,Take control of your 💸,grátis,Install Now,App Store,,,ID não capturado
Rocket Money,US,Meta,Rocket Money,,,2026-10-05,ativo,5,várias versões,estático post-it sobre tela,,depoimento/dinheiro escondido,Post-it: 'When I was broke a friend told me to get Rocket Money - Saved me hundreds by finding+cancelling unknown subscriptions + got refunds',Take control of your $$$ 🤑 Download Rocket Money,Take control of your 💸,grátis,Install Now,App Store,,,ID não capturado
Rocket Money,US,Meta,Rocket Money,1790499998902240,https://www.facebook.com/ads/library/?id=1790499998902240,2026-10-05,ativo,5,várias versões,vídeo,0:42,dinheiro escondido/assinaturas,(UGC) você pode economizar centenas cancelando assinaturas,You could save hundreds with Rocket Money by canceling subscriptions you don’t use 🙌 👀 Track your expenses in one place 🙅‍♀️ Find and cancel forgotten subscriptions 💰 Take control of your finances today,Take control of your 💸,grátis,Install Now,App Store,,,
Rocket Money,US,Meta,Rocket Money,1821564795535054,https://www.facebook.com/ads/library/?id=1821564795535054,2026-10-05,ativo,5,várias versões,vídeo,0:23,casais,What would your partner find out?,What would your partner find out? 💰,Take control of your 💸,grátis,Install Now,App Store,,,
Rocket Money,US,Meta,Rocket Money,1117031554556019,https://www.facebook.com/ads/library/?id=1117031554556019,2026-10-05,ativo,5,várias versões,vídeo,0:38,dinheiro escondido/assinaturas,Ghost your unused subscriptions,"Ghost your unused subscriptions, not your savings.",Take control of your 💸,grátis,Install Now,App Store,,,
Rocket Money,US,Meta,Rocket Money,1263686572044629,https://www.facebook.com/ads/library/?id=1263686572044629,2026-04-15,inativo (até 2026-06-15),61,3,vídeo,0:43,—,(flight abr–jun/2026; o mais longo do histórico visível),Take control of your $$$ 🤑 Download Rocket Money,Take control of your 💸,grátis,Install Now,App Store,,,anúncio mais longo do histórico da marca na biblioteca
Rocket Money,US,Meta,Rocket Money,3278351898936363,https://www.facebook.com/ads/library/?id=3278351898936363,2021-02-07,inativo (até 2021-03-17),38,várias versões,vídeo,0:24,prova de imprensa,"""This App will Save you Hundreds"" - Forbes","""This App will Save you Hundreds"" - Forbes",The Smartest Way to Run Your Finances,—,Install Now,App Store,,,era Truebill
Rocket Money,US,Meta,Late To The Money Lesson (criador),1832333968121729,https://www.facebook.com/ads/library/?id=1832333968121729,2026-10-05,ativo,5,1,vídeo (whitelisting criador),0:44,dinheiro escondido/assinaturas,(criador de finanças),Need help with forgotten subscriptions? Rocket Money’s got you.,Take control of your 💸,grátis,Instalar agora,Google Play,,,
Monarch,US,Meta,Monarch,2208997253348957,https://www.facebook.com/ads/library/?id=2208997253348957,2026-10-05,ativo,5,3,estático (mockup laptop),,CFO da casa/controle,CFO of your household? Run everyone's money like it's your job.,"You’re not bad with money. You just need better tools. 🔍 Spot spending patterns you didn’t know existed 📊 No spreadsheets—just clear, visual insights 🏆Named best Mint replacement by Forbes",The App Ex-Mint Users Love,trial; 50% off 1º ano,Sign Up,monarch.com,,1,todo o flight começou 05–09/10/2026
Monarch,US,Meta,Monarch,1108941841516929,https://www.facebook.com/ads/library/?id=1108941841516929,2026-10-05,ativo,5,várias versões,estático oferta,,oferta/desconto,50% OFF — LIMITED TIME OFFER (laptop),"You’re not bad with money. You just need better tools. 🔍 Spot spending patterns you didn’t know existed 📊 No spreadsheets—just clear, visual insights 🏆Named best Mint replacement by Forbes",The App Ex-Mint Users Love,50% off,Sign Up,monarch.com,,2,
Monarch,US,Meta,Monarch,2166132770779645,https://www.facebook.com/ads/library/?id=2166132770779645,2026-10-05,ativo,5,2,estático oferta,,oferta/desconto,Monarch 50% OFF limited time offer,"You’re not bad with money. You just need better tools. 🔍 Spot spending patterns you didn’t know existed 📊 No spreadsheets—just clear, visual insights 🏆Named best Mint replacement by Forbes",The App Ex-Mint Users Love,50% off,Sign Up,monarch.com,,3,
Monarch,US,Meta,Monarch,1454587309900486,https://www.facebook.com/ads/library/?id=1454587309900486,2026-10-05,ativo,5,várias versões,estático nicho profissão,,nicho por profissão,Financial clarity for: Nurses (manuscrito),"You’re not bad with money. You just need better tools. 🔍 Spot spending patterns you didn’t know existed 📊 No spreadsheets—just clear, visual insights 🏆Named best Mint replacement by Forbes",The App Ex-Mint Users Love,trial,Sign Up,monarch.com,,4,
Monarch,US,Meta,Monarch,1816656149345577,https://www.facebook.com/ads/library/?id=1816656149345577,2026-10-05,ativo,5,várias versões,estático oferta preço,,oferta/desconto,$99.99/yr riscado → $49.99/yr ($4.17/mo). Your Entire Financial Life. Fully Visualized.,"You’re not bad with money. You just need better tools. 🔍 Spot spending patterns you didn’t know existed 📊 No spreadsheets—just clear, visual insights 🏆Named best Mint replacement by Forbes",The App Ex-Mint Users Love,$49.99/ano,Sign Up,monarch.com,,5,
Monarch,US,Meta,Monarch,2770792159984866,https://www.facebook.com/ads/library/?id=2770792159984866,2026-10-07,ativo,3,várias versões,estático,,ansiedade/educação,Nobody taught you how to manage money? Seeing all of it clearly is where it starts,"You’re not bad with money. You just need better tools. 🔍 Spot spending patterns you didn’t know existed 📊 No spreadsheets—just clear, visual insights 🏆Named best Mint replacement by Forbes",The App Ex-Mint Users Love,trial,Sign Up,monarch.com,,8,
Monarch,US,Meta,Monarch,1396712575987838,https://www.facebook.com/ads/library/?id=1396712575987838,2026-10-05,ativo,5,várias versões,estático nativo (tela),,visualização 'satisfying',Crazy to see my spending mapped out 😮 (treemap de gastos),"You’re not bad with money. You just need better tools. 🔍 Spot spending patterns you didn’t know existed 📊 No spreadsheets—just clear, visual insights 🏆Named best Mint replacement by Forbes",The App Ex-Mint Users Love,trial,Sign Up,monarch.com,,13,
Monarch,US,Meta,Monarch,979542551849635,https://www.facebook.com/ads/library/?id=979542551849635,2026-10-05,ativo,5,várias versões,estático nicho profissão,,nicho por profissão,Financial clarity for: Flight Attendants,"You’re not bad with money. You just need better tools. 🔍 Spot spending patterns you didn’t know existed 📊 No spreadsheets—just clear, visual insights 🏆Named best Mint replacement by Forbes",The App Ex-Mint Users Love,trial,Sign Up,monarch.com,,16,
Monarch,US,Meta,Monarch,4622740448051996,https://www.facebook.com/ads/library/?id=4622740448051996,2026-10-05,ativo,5,várias versões,estático (tela),,dívida/quitação,You don't need a new budget. You need a clearer debt payoff plan. (Aug 2027 debt-free date),"You’re not bad with money. You just need better tools. 🔍 Spot spending patterns you didn’t know existed 📊 No spreadsheets—just clear, visual insights 🏆Named best Mint replacement by Forbes",The App Ex-Mint Users Love,50% off,Sign Up,monarch.com,,17,
Monarch,US,Meta,Monarch,2500041970822923,https://www.facebook.com/ads/library/?id=2500041970822923,2026-10-05,ativo,5,várias versões,estático nicho profissão,,nicho por profissão,Financial clarity for: Teachers (Classroom Budget/Supplies),"You’re not bad with money. You just need better tools. 🔍 Spot spending patterns you didn’t know existed 📊 No spreadsheets—just clear, visual insights 🏆Named best Mint replacement by Forbes",The App Ex-Mint Users Love,trial,Sign Up,monarch.com,,19,
Monarch,US,Meta,Monarch,1133448056033924,https://www.facebook.com/ads/library/?id=1133448056033924,2026-10-05,ativo,5,várias versões,estático (laptop),,dívida/quitação,Pay off your debt. Faster. Stop the minimum payment loop.,"You’re not bad with money. You just need better tools. 🔍 Spot spending patterns you didn’t know existed 📊 No spreadsheets—just clear, visual insights 🏆Named best Mint replacement by Forbes",The App Ex-Mint Users Love,trial,Sign Up,monarch.com,,20,
Monarch,US,Meta,Chefdaniela.navarrete com Monarch,929618503251986,https://www.facebook.com/ads/library/?id=929618503251986,2026-10-05,ativo,5,várias versões,vídeo UGC (partnership ad),0:53,criador de nicho,(UGC de criadora de culinária),"You’re not bad with money. You just need better tools. 🔍 Spot spending patterns you didn’t know existed 📊 No spreadsheets—just clear, visual insights 🏆Named best Mint replacement by Forbes",Stop Guessing Where Your Money Goes,trial,Sign Up,monarch.com,,21,
Monarch,US,Meta,Monarch,1088672727245901,https://www.facebook.com/ads/library/?id=1088672727245901,2026-10-05,ativo,5,várias versões,estático pessoa+app,,agregação,Your money is in 6 different places.,"You’re not bad with money. You just need better tools. 🔍 Spot spending patterns you didn’t know existed 📊 No spreadsheets—just clear, visual insights 🏆Named best Mint replacement by Forbes",The App Ex-Mint Users Love,trial,Sign Up,monarch.com,,23,
Monarch,US,Meta,Monarch,1627620825373657,https://www.facebook.com/ads/library/?id=1627620825373657,2026-10-08,ativo,2,várias versões,vídeo UGC/podcast,0:31,CFO da casa/casais,How to become the CFO of your household,"You’re not bad with money. You just need better tools. 🔍 Spot spending patterns you didn’t know existed 📊 No spreadsheets—just clear, visual insights 🏆Named best Mint replacement by Forbes",The App Ex-Mint Users Love,trial,Sign Up,monarch.com,,25,
Monarch,US,Meta,Monarch,2203613790370726,https://www.facebook.com/ads/library/?id=2203613790370726,2026-10-05,ativo,5,várias versões,estático (tela),,dívida/quitação,Debt-free at ~~36~~ 33 — See your debt-free date,"You’re not bad with money. You just need better tools. 🔍 Spot spending patterns you didn’t know existed 📊 No spreadsheets—just clear, visual insights 🏆Named best Mint replacement by Forbes",The App Ex-Mint Users Love,trial,Sign Up,monarch.com,,26,
Monarch,US,Meta,Monarch,1730311964714356,https://www.facebook.com/ads/library/?id=1730311964714356,2026-10-08,ativo,2,várias versões,vídeo clipe de podcast (split screen),0:33,ansiedade/ciclo,STUCK IN THE SAME MONEY CYCLE?,"You’re not bad with money. You just need better tools. 🔍 Spot spending patterns you didn’t know existed 📊 No spreadsheets—just clear, visual insights 🏆Named best Mint replacement by Forbes",The App Ex-Mint Users Love,trial,Sign Up,monarch.com,,28,
Monarch,US,Meta,Monarch,2551978208605255,https://www.facebook.com/ads/library/?id=2551978208605255,2026-10-08,ativo,2,várias versões,vídeo UGC,0:22,ansiedade/tabu,The money problem no one talks about,"You’re not bad with money. You just need better tools. 🔍 Spot spending patterns you didn’t know existed 📊 No spreadsheets—just clear, visual insights 🏆Named best Mint replacement by Forbes",The App Ex-Mint Users Love,trial,Sign Up,monarch.com,,31,
Monarch,US,Meta,Monarch,1413617314289374,https://www.facebook.com/ads/library/?id=1413617314289374,2026-10-05,ativo,5,várias versões,estático oferta casais,,casais,Couples — Get 50% off — A money app made for two.,"You’re not bad with money. You just need better tools. 🔍 Spot spending patterns you didn’t know existed 📊 No spreadsheets—just clear, visual insights 🏆Named best Mint replacement by Forbes",The App Ex-Mint Users Love,50% off,Sign Up,monarch.com,,35,
Monarch,US,Meta,Monarch,1420749783359871,https://www.facebook.com/ads/library/?id=1420749783359871,2026-10-05,ativo,5,2,estático,,agregação/controle,(mockup),"Tired of guessing where your cash goes? 🔗 Connect all your accounts in one secure place 📍 Track spending by category, time, and habit 📈 Get a clear picture of your finances in seconds",The App Ex-Mint Users Love,trial,Sign Up,monarch.com,,37,
Monarch,US,Meta,Monarch,,,2026-10-05,ativo,5,várias versões,vídeo clipe de podcast,,dívida (história),16 Years 4 Kids $1M in Debt,"You’re not bad with money. You just need better tools. 🔍 Spot spending patterns you didn’t know existed 📊 No spreadsheets—just clear, visual insights 🏆Named best Mint replacement by Forbes",The App Ex-Mint Users Love,trial,Sign Up,monarch.com,,,ID não capturado
Monarch,US,Meta,Monarch,2062827094356619,https://www.facebook.com/ads/library/?id=2062827094356619,2026-10-05,ativo,5,várias versões,estático (tela),,dívida/quitação,"Pay off your debt. Faster. See your debt-free date — Medical Debt $40,400 Jul 2027 '3 years earlier'","You’re not bad with money. You just need better tools. 🔍 Spot spending patterns you didn’t know existed 📊 No spreadsheets—just clear, visual insights 🏆Named best Mint replacement by Forbes",The App Ex-Mint Users Love,trial,Sign Up,monarch.com,,44,
Cleo,US,Meta,Cleo,1342057904021848,https://www.facebook.com/ads/library/?id=1342057904021848,2026-07-07,ativo,95,2,estático oferta,,número + rapidez (cash advance),Request up to $500* in 5 minutes ✓ Flexible repayment plan [Handle it today],⭐⭐⭐⭐⭐ We’re rated 4.6 stars on the App Store from 100K+ reviews. Check your eligibility faster than your phone dies at 1%.,Join 7+ million people today!,adiantamento até $500,Download,meetcleo.com,,1,
Cleo,US,Meta,Cleo,1895486047778855,https://www.facebook.com/ads/library/?id=1895486047778855,2026-05-29,ativo,134,várias versões,estático oferta,,número + rapidez (cash advance),Request up to $500* ✓ Flexible repayment plan (verde-menta),⭐⭐⭐⭐⭐ We’re rated 4.6 stars on the App Store from 100K+ reviews. Check your eligibility faster than your phone dies at 1%.,Join 7+ million people today!,adiantamento até $500,Download,meetcleo.com,,2,
Cleo,US,Meta,Cleo,905791345547851,https://www.facebook.com/ads/library/?id=905791345547851,2026-08-26,ativo,45,3,vídeo mão+tela,0:19,número + rapidez (cash advance),DO YOU NEED UP TO... (tela 'Your advance $200/200'),⭐⭐⭐⭐⭐ We’re rated 4.6 stars on the App Store from 100K+ reviews. Check your eligibility faster than your phone dies at 1%.,Join 7+ million people today!,adiantamento,Download,meetcleo.com,,3,
Cleo,US,Meta,Cleo,2173162566750805,https://www.facebook.com/ads/library/?id=2173162566750805,2026-05-07,ativo,156,várias versões,vídeo,0:16,número + rapidez (cash advance),(cash advance),⭐⭐⭐⭐⭐ We’re rated 4.6 stars on the App Store from 100K+ reviews. Check your eligibility faster than your phone dies at 1%.,Join 7+ million people today!,adiantamento,Download,Google Play,,5,
Cleo,US,Meta,Cleo,1008158925199937,https://www.facebook.com/ads/library/?id=1008158925199937,2026-04-28,ativo,165,várias versões,estático oferta,,número + rapidez (cash advance),cleo Request up to $250* Flexible payment plan (confete),⭐⭐⭐⭐⭐ We’re rated 4.6 stars on the App Store from 100K+ reviews. Check your eligibility faster than your phone dies at 1%.,Join 7+ million people today!,adiantamento até $250,Download,Google Play,,6,anúncio Cleo mais antigo ativo
Cleo,US,Meta,Cleo,1587753036046673,https://www.facebook.com/ads/library/?id=1587753036046673,2026-07-08,ativo,94,várias versões,vídeo UGC,0:17,número + rapidez (cash advance),GROCERIES OR WHATEVER,⭐⭐⭐⭐⭐ We’re rated 4.6 stars on the App Store from 100K+ reviews. Check your eligibility faster than your phone dies at 1%.,Join 7+ million people today!,adiantamento,Download,meetcleo.com,,7,
Cleo,US,Meta,Cleo,855909007576434,https://www.facebook.com/ads/library/?id=855909007576434,2026-06-12,ativo,120,várias versões,vídeo greenscreen sobre tela,0:19,número + rapidez (cash advance),Criador sobre tela 'Your advance $200' / 'You're missing out on $400',⭐⭐⭐⭐⭐ We’re rated 4.6 stars on the App Store from 100K+ reviews. Check your eligibility faster than your phone dies at 1%.,Join 7+ million people today!,adiantamento,Download,meetcleo.com,,8,
Cleo,US,Meta,Cleo,4292312401028476,https://www.facebook.com/ads/library/?id=4292312401028476,2026-05-13,ativo,150,várias versões,vídeo UGC,0:22,número + rapidez (cash advance),where you can request anywhere from like...,⭐⭐⭐⭐⭐ We’re rated 4.6 stars on the App Store from 100K+ reviews. Check your eligibility faster than your phone dies at 1%.,Join 7+ million people today!,adiantamento,Download,meetcleo.com,,10,
Cleo,US,Meta,Cleo,2262381167927223,https://www.facebook.com/ads/library/?id=2262381167927223,2026-07-29,ativo,73,várias versões,estático sazonal,,número + rapidez (cash advance),Request up to $500 When back-to-school becomes too much,⭐⭐⭐⭐⭐ We’re rated 4.6 stars on the App Store from 100K+ reviews. Check your eligibility faster than your phone dies at 1%.,Join 7+ million people today!,adiantamento,Download,web.meetcleo.com,,13,
Cleo,US,Meta,Cleo,952864787652554,https://www.facebook.com/ads/library/?id=952864787652554,2026-05-13,ativo,150,várias versões,estático oferta,,número + rapidez (cash advance),Request up to $250* Flexible repayment plan [Apply now],⭐⭐⭐⭐⭐ We’re rated 4.6 stars on the App Store from 100K+ reviews. Check your eligibility faster than your phone dies at 1%.,Join 7+ million people today!,adiantamento,Download,meetcleo.com,,14,
Cleo,US,Meta,Cleo,2566096280478035,https://www.facebook.com/ads/library/?id=2566096280478035,2026-09-16,ativo,24,várias versões,vídeo UGC,0:19,número + rapidez (cash advance),"Hey, can I borrow $250 for gas?",⭐⭐⭐⭐⭐ We’re rated 4.6 stars on the App Store from 100K+ reviews. Check your eligibility faster than your phone dies at 1%.,Join 7+ million people today!,adiantamento,Download,meetcleo.com,,17,
Cleo,US,Meta,Cleo,1690400312156765,https://www.facebook.com/ads/library/?id=1690400312156765,2026-05-27,ativo,136,várias versões,vídeo UGC,0:24,número + rapidez (cash advance),MY ACCOUNT'S OVERDRAWN AGAIN,⭐⭐⭐⭐⭐ Rated 4.7 stars on the App Store from 100K+ reviews. See if you qualify before your coffee order's done.,Join 7+ million people today!,adiantamento,Download,Google Play,,19,
Cleo,US,Meta,Cleo,2117058049138608,https://www.facebook.com/ads/library/?id=2117058049138608,2026-05-27,ativo,136,várias versões,vídeo,0:16,número + rapidez (cash advance),✓No interest ✓No credit checks ✓Flexible,⭐⭐⭐⭐⭐ We’re rated 4.6 stars on the App Store from 100K+ reviews. Check your eligibility faster than your phone dies at 1%.,Join 7+ million people today!,adiantamento,Download,meetcleo.com,,20,
Cleo,US,Meta,Cleo,1715947409695768,https://www.facebook.com/ads/library/?id=1715947409695768,2026-07-07,ativo,95,várias versões,estático botões,,número + rapidez (cash advance),Request up to $250* and finally ditch your overdraft habit ($25/$50/$100/$250),⭐⭐⭐⭐⭐ We’re rated 4.6 stars on the App Store from 100K+ reviews. Check your eligibility faster than your phone dies at 1%.,Join 7+ million people today!,adiantamento,Download,meetcleo.com,,24,
Cleo,US,Meta,Cleo,1450359376991921,https://www.facebook.com/ads/library/?id=1450359376991921,2026-10-08,ativo,2,várias versões,vídeo UGC carro,0:19,família/vergonha,STOP ASKING YOUR FAMILY FOR MONEY AND JUST USE CLEO.,⭐⭐⭐⭐⭐ We’re rated 4.6 stars on the App Store from 100K+ reviews. Check your eligibility faster than your phone dies at 1%.,Join 7+ million people today!,adiantamento,Download,web.meetcleo.com,,26,
Cleo,US,Meta,Cleo,1327463452548125,https://www.facebook.com/ads/library/?id=1327463452548125,2026-08-26,ativo,45,2,vídeo,0:21,número + rapidez (cash advance),Kid needs money for school tomorrow?,⭐⭐⭐⭐⭐ We’re rated 4.6 stars on the App Store from 100K+ reviews. Check your eligibility faster than your phone dies at 1%.,Join 7+ million people today!,adiantamento,Download,meetcleo.com,,28,
Cleo,US,Meta,Cleo,2284931028708570,https://www.facebook.com/ads/library/?id=2284931028708570,2026-06-10,ativo,122,várias versões,estático seletor,,número + rapidez (cash advance),Up to $250* You needed it yesterday (Today/Tomorrow/Next week/Whenever),⭐⭐⭐⭐⭐ We’re rated 4.6 stars on the App Store from 100K+ reviews. Check your eligibility faster than your phone dies at 1%.,Join 7+ million people today!,adiantamento,Download,meetcleo.com,,29,
Cleo,US,Meta,Cleo,858597789918173,https://www.facebook.com/ads/library/?id=858597789918173,2026-05-13,ativo,150,várias versões,estático botões,,número + rapidez (cash advance),Looking for up to a $250* cash advance?,⭐⭐⭐⭐⭐ We’re rated 4.6 stars on the App Store from 100K+ reviews. Check your eligibility faster than your phone dies at 1%.,Join 7+ million people today!,adiantamento,Download,Google Play,,31,
Cleo,US,Meta,Cleo,1748615059760427,https://www.facebook.com/ads/library/?id=1748615059760427,2026-10-07,ativo,3,várias versões,estático print de chat,,casais,"Bills straining your relationship? Request up to $250* (chat 'babe, the gas bill is due today' / 'did you try asking Cleo??')",⭐⭐⭐⭐⭐ We’re rated 4.6 stars on the App Store from 100K+ reviews. Check your eligibility faster than your phone dies at 1%.,Random bill popped up? Try Cleo.,adiantamento,Download,web.meetcleo.com,,43,
Cleo,US,Meta,Cleo,,,2026-10-06,ativo,,várias versões,estático depoimento,,imprevisto,Gym membership renewed and drained my account. Cleo floated me up to $250* until payday caught up.,⭐⭐⭐⭐⭐ We’re rated 4.6 stars on the App Store from 100K+ reviews. Check your eligibility faster than your phone dies at 1%.,Join 7+ million people today!,adiantamento,Download,web.meetcleo.com,,46,
YNAB,US/ALL,Meta,You Need A Budget (YNAB),,,,sem anúncios,0,,—,,—,Nenhum anúncio ativo na Meta; só 1 inativo de 2020 removido por política,,,,,,,,YNAB não compra Meta Ads
Copilot Money,US/ALL,Meta,Copilot Money,,,,sem anúncios,0,,—,,—,Nenhum anúncio (ativo ou histórico) na Meta,,,,,,,,Copilot não compra Meta Ads
PocketGuard,ALL,Meta,PocketGuard,850095557653314,https://www.facebook.com/ads/library/?id=850095557653314,2025-12-05,inativo,8,3,estático imagem IA,,pós-Black Friday,Shopping spree is over. Now it's time for reality.,Get personalized insights to lower your monthly utility and cable bills.,Your Financial Control,trial 7 dias,Sign Up,,,,0 ativos; testes curtos nov–dez/2025
PocketGuard,ALL,Meta,PocketGuard,840912042172177,https://www.facebook.com/ads/library/?id=840912042172177,2025-12-04,inativo,9,2,estático imagem IA,,pós-Black Friday,Sales are gone. The spending stayed.,Get personalized insights to lower your monthly utility and cable bills.,Optimize All Your Bills,trial 7 dias,Sign Up,,,,
PocketGuard,ALL,Meta,PocketGuard,1896068541341032,https://www.facebook.com/ads/library/?id=1896068541341032,2025-11-06,inativo,1,4,estático (tela),,negociar contas,Lower your bills. Maximize savings. Original bill $150 → Negotiated bill $120,Expert bill analysis. Find ways to cut spending on your phone and internet.,Optimize All Your Bills,—,Sign Up,,,,
EveryDollar,US,Meta,Dave Ramsey,2014332622556857,https://www.facebook.com/ads/library/?id=2014332622556857,2026-07-24,ativo,78,várias versões,estático texto/fundador,,autoridade do fundador,"Dave Ramsey came out of bankruptcy—then built a plan to never go back... And now, it's in the EveryDollar budget app.",The EveryDollar app is the simplest way to plan your monthly budget. Start for free today!,Give Every Dollar a Job,grátis,Install Now,App Store,,1,
EveryDollar,US,Meta,Dave Ramsey,1713622899713012,https://www.facebook.com/ads/library/?id=1713622899713012,2026-07-24,ativo,78,várias versões,estático fundador + app,,autoridade do fundador,"DAVE RAMSEY'S SIMPLE, FREE BUDGET APP",You work too hard to feel broke. Try the EveryDollar app for FREE today and start making some real progress with your money.,"Simple, Free Budget App",grátis,Install Now,App Store,,2,
EveryDollar,US,Meta,Dave Ramsey,3636141173220002,https://www.facebook.com/ads/library/?id=3636141173220002,2026-07-24,ativo,78,várias versões,estático fundador + app,,autoridade do fundador,"DAVE RAMSEY'S BUDGET APP — SIMPLE TO USE, FREE TO START",You work too hard to feel broke. Try the EveryDollar app for FREE today and start making some real progress with your money.,Start Budgeting for Free Today,grátis,Install Now,App Store,,4,
EveryDollar,US,Meta,Dave Ramsey,1480139493918954,https://www.facebook.com/ads/library/?id=1480139493918954,2026-07-24,ativo,78,várias versões,estático post-it,,orçamento base zero,Post-it na porta: TELL YOUR MONEY WHERE TO GO (Rent/Utilities/Gas/Groceries/Debt Payoff/Fun!),Stop wondering where your money went. Start telling it where to go with Dave Ramsey's FREE budget app.,Dave Ramsey's Free App,grátis,Install Now,App Store,,5,
EveryDollar,US,Meta,EveryDollar,2073335879931484,https://www.facebook.com/ads/library/?id=2073335879931484,2026-07-31,ativo,71,6,vídeo UGC,3:24,dívida/quitação,HOW I BUDGET to pay off debt,A debt-free journey takes time. But the EveryDollar app can help you stay focused so you can hit your money goals faster.,,grátis,—,,,7,
EveryDollar,US,Meta,EveryDollar,919383274021606,https://www.facebook.com/ads/library/?id=919383274021606,2026-08-21,ativo,50,9,vídeo clipe de podcast (Ramsey Show),2:24,paguei $X de dívida,They paid off their mortgage in 18 months!,"EveryDollar users Josh & Holly reached the Debt-Free Stage after paying off their $175,000 mortgage in just 18 months...",,grátis,—,,,8,
EveryDollar,US,Meta,EveryDollar,1061130589995012,https://www.facebook.com/ads/library/?id=1061130589995012,2026-08-28,ativo,43,3,vídeo clipe de podcast,0:50,paguei $X de dívida,They paid off $311K in 8 years!,"EveryDollar users Matt & Corey paid off $311,000 in debt when they focused their money and made debt payoff their #1 goal...",,grátis,—,,,10,
EveryDollar,US,Meta,EveryDollar,1719097072528500,https://www.facebook.com/ads/library/?id=1719097072528500,2026-08-28,ativo,43,3,vídeo clipe de podcast,0:41,paguei $X de dívida,"Brandon & Taryn paid off $291,000","EveryDollar users Brandon & Taryn paid off $291,000 in debt...",,grátis,—,,,35,
EveryDollar,US,Meta,Dave Ramsey,1996908021023222,https://www.facebook.com/ads/library/?id=1996908021023222,2026-08-21,ativo,50,várias versões,estático print de post do fundador,,autoridade do fundador,Post @daveramsey: 'I'm here to tell you that whoever you are... you can get out of it. My EveryDollar budget app is the easiest way to start.',The EveryDollar app is the simplest way to plan your monthly budget. Start for free today!,Give Every Dollar a Job,grátis,Install Now,App Store,,11,
EveryDollar,US,Meta,EveryDollar,2175232493058650,https://www.facebook.com/ads/library/?id=2175232493058650,2026-09-08,ativo,32,várias versões,estático recibo/lista,,foco/prioridade,"Lista estilo recibo (Medical Bill $215.22, Childcare $1,300...) 'So much pulls at your money. EveryDollar helps you focus on the right next step.'",You've seen what happens when you get focused: you hit your goals. EveryDollar helps you give that same energy to your money.,"Focus Wins, Every Time",grátis,Download,,,12,
EveryDollar,US,Meta,Dave Ramsey,,,2026-07-24,ativo,,várias versões,estático pergunta de busca,,objeção de preço,Is there a free version of Dave Ramsey's budget app? 👇👇👇 [Try EveryDollar for Free],Stop wondering where your money went. Start telling it where to go with Dave Ramsey's FREE budget app.,Dave Ramsey's Free App,grátis,Install Now,App Store,,13,
EveryDollar,US,Meta,EveryDollar,2149422329251181,https://www.facebook.com/ads/library/?id=2149422329251181,2026-08-11,ativo,60,2,vídeo jogo (playable-style),0:12,gamificação/categorização,Jogo arrastar gasto p/ categoria: 'It's an EveryDollar budget! Groceries $120 Takeout $60 Coffee $20',Play the goals match-up game and see how EveryDollar helps you focus and make faster progress on the goals that matter most.,,grátis,—,,,17,
EveryDollar,US,Meta,EveryDollar,3050372315300395,https://www.facebook.com/ads/library/?id=3050372315300395,2026-08-11,ativo,60,6,vídeo UGC lista,1:00,hábitos,4 things to cut out of your life to save money,"These are too real 😅 If you’re finally ready to leave bad money habits behind, EveryDollar can help... What’s one money habit you’ve kicked?",,grátis,—,,,33,
EveryDollar,US,Meta,EveryDollar com George Kamel,1098874135951391,https://www.facebook.com/ads/library/?id=1098874135951391,2026-09-25,ativo,15,3,vídeo especialista da casa,0:57,educação,3 Signs you're doing well with money,Here are 3 signs you’re doing well financially. Get EveryDollar to follow this plan.,,grátis,—,,,27,
EveryDollar,US,Meta,Dave Ramsey,1055936996812411,https://www.facebook.com/ads/library/?id=1055936996812411,2026-08-11,ativo,60,2,estático print de post,,casais,Post @daveramsey: 'Sit down with your spouse tonight and ask...',Money is the number one fight starter in almost every marriage. You've got to get in agreement on it. Here's how you do that.,,grátis,Install Now,App Store,,,
EveryDollar,US,Meta,Dave Ramsey,1065491602829826,https://www.facebook.com/ads/library/?id=1065491602829826,2026-08-11,ativo,60,3,estático,,casais,(casal),Most couples don’t fight about money because of the math. They fight because they never sat down and decided where they’re going together.,EveryDollar: Budget Management App - App Store,grátis,Install Now,App Store,,,
Simplifi (Quicken),US,Meta,Quicken,1026502616663530,https://www.facebook.com/ads/library/?id=1026502616663530,2026-07-31,ativo,71,várias versões,estático split foto+tela,,patrimônio líquido,Over 60% of Quicken's cloud-based users grow their net worth or pay down their debt within a year*,5 reasons 20+ million people trust Quicken: 📲 All your finances. One app. 📈 Project future cash flow 💰 Track total net worth 👀 Analyze investment performance 🕰️ Plan for retirement. Get started during our limited-time sale! 🚀,,promoção,—,quicken.com,,,
Simplifi (Quicken),US,Meta,Quicken,1628740525524970,https://www.facebook.com/ads/library/?id=1628740525524970,2026-09-15,ativo,25,várias versões,estático retrato + prêmio,,aposentadoria/prêmio,Retirement income plan: 100% on track — Simplifi: Personal Finance App of the Year 2026,Retirement isn't a age—it’s a financial number. 📈 Map out your path... with Quicken.,Know Your Retirement Number,—,Learn More,quicken.com,,,
Simplifi (Quicken),US,Meta,Quicken,1403184421260780,https://www.facebook.com/ads/library/?id=1403184421260780,2026-09-22,ativo,18,várias versões,estático texto,,troca/upgrade,Your finances deserve more than a budgeting app.,"Switching to Quicken takes minutes. The clarity, confidence, and financial progress it brings lasts for years.",It's worth it to switch.,—,Learn More,quicken.com,,,
Kikoff,US,Meta,Kikoff,866901976311836,https://www.facebook.com/ads/library/?id=866901976311836,2026-01-27,ativo,256,várias versões,vídeo UGC,0:26,crédito,VIP pass for building credit 😏 / So imagine your favorite artist...,Need a loan? Good credit makes it easy. Kikoff can help you build credit and secure your financial future.,No Credit Pull. No Hidden Fees. No Interest.,a partir de $5/mês,Learn More,kikoff.com,,1,
Kikoff,US,Meta,Robyn Lee com Kikoff,916867537584666,https://www.facebook.com/ads/library/?id=916867537584666,2026-01-27,ativo,256,1,vídeo UGC (partnership),1:04,crédito/descoberta,I was today years old when I realized I've been doing credit all wrong 😫,🇺🇸 I was today years old when I realized I’ve been doing credit all wrong... Then I found @getkikoff,,—,—,,,2,
Kikoff,US,Meta,Joe's Credit Hacks,2310430089438740,https://www.facebook.com/ads/library/?id=2310430089438740,2026-01-27,ativo,256,várias versões,estático advertorial,,advertorial/objeção,FINANCIAL FREEDOM — 4 Reasons You Shouldn't Try Kikoff (by Ashley Henderson) + selo 'Plans start at $5/mo',Need a loan? Good credit makes it easy...,No Credit Pull. No Hidden Fees. No Interest.,a partir de $5/mês,Learn More,kikoff.com,,3,página de 'blog' como anunciante
Kikoff,US,Meta,Wallace Holyfield com Kikoff,2542345062825569,https://www.facebook.com/ads/library/?id=2542345062825569,2026-01-21,ativo,262,1,vídeo especialista (partnership),0:50,crédito,Some doors don't open without credit.,"Some doors don’t open without credit. 💡 Kikoff makes building credit simple — no interest, no hidden fees, no surprises.",,a partir de poucos dólares/mês,—,plus.kikoff.com,,6,
Kikoff,US,Meta,Kikoff,1704057067238077,https://www.facebook.com/ads/library/?id=1704057067238077,2026-01-27,ativo,256,várias versões,vídeo,0:15,crédito (espanhol),(espanhol),Es la aplicación número uno para construir crédito en la App Store.,No hay verificación de crédito.,—,Learn More,kikoff.com,,9,criativo em espanhol rodando 256 dias
Kikoff,US,Meta,Kikoff,896156356107444,https://www.facebook.com/ads/library/?id=896156356107444,2026-01-27,ativo,256,várias versões,vídeo mão + App Store,0:29,prova social/número,"$2,500 tradeline with NO CREDIT CHECK","No hidden fees, no interest, and over 1 million happy customers.",No Credit Pull. No Hidden Fees. No Interest.,—,Learn More,kikoff.com,,12,
Kikoff,US,Meta,Kikoff,1773171917459020,https://www.facebook.com/ads/library/?id=1773171917459020,2026-07-13,ativo,89,várias versões,estático resultado,,número/resultado,Grow your credit +104 points in a year with on-time payments,Let your bills build credit with Bill Reporting by Kikoff,Build Credit With Kikoff's Bill Reporting,—,—,,,15,
Kikoff,US,Meta,Ben Uyeda com Kikoff,26213988118263292,https://www.facebook.com/ads/library/?id=26213988118263292,2026-03-23,ativo,201,3,vídeo criador fora de finanças,1:03,criador fora do nicho,(designer/maker) #ad some of my biggest design breakthroughs involved new equipment...,...I recommend @getkikoff as a way to build credit and prepare for these opportunities.,,—,—,kikoff.com,,17,
Kikoff,US,Meta,Kikoff,950739458025104,https://www.facebook.com/ads/library/?id=950739458025104,2026-07-13,ativo,89,várias versões,estático,,categorização/plano por IA,Meet Smart Credit Tasks,"We create a personalized credit roadmap with your credit data and A.I. to prioritize which tasks will build your credit, fast.",Meet Smart Credit Tasks,—,—,,,28,
Kikoff,US,Meta,Kikoff,1560258802460746,https://www.facebook.com/ads/library/?id=1560258802460746,2026-08-18,ativo,53,1,estático astrologia,,entretenimento/tendência,What do the stars say about your credit?,"Kikoff has been featured in Business Insider, Bankrate, and Nerdwallet...",Make sense of your credit universe,—,Learn More,plus.kikoff.com,,25,
Experian,US,Meta,Experian,1099774815800584,https://www.facebook.com/ads/library/?id=1099774815800584,2026-10-01,ativo,9,2,estático tela + número,,dinheiro escondido/assinaturas,"Save $721 on bills & subscriptions. (tela Your Recurring Payments, emoji 😍)",Let Experian cancel unwanted subscriptions and lower your monthly bills.,Easily manage bills and subscriptions.,grátis,Download,app Experian,,,Results will vary. Not all bills or subs eligible. Savings not guaranteed.
Experian,US,Meta,Experian,1406924870886141,https://www.facebook.com/ads/library/?id=1406924870886141,2026-10-01,ativo,9,2,estático tipográfico,,dinheiro escondido/assinaturas,Byeeeee unwanted subscriptions. 👋,Find subscriptions you forgot about and cancel them with just a few taps.,Cancel unwanted subs fast,grátis,Download,app Experian,,,
Experian,US,Meta,Experian,1389583649959301,https://www.facebook.com/ads/library/?id=1389583649959301,2026-10-01,ativo,9,várias versões,estático ilustração,,dinheiro escondido/assinaturas,LOG BACK IN TO SEND UNUSED SUBSCRIPTIONS PACKING. (caixa de mudança com ícones),See your subscriptions in one place and let us cancel the ones you don't want for you.,Stop paying for unused subscriptions,grátis,Download,app Experian,,,
Experian,US,Meta,Experian,1774900080329153,https://www.facebook.com/ads/library/?id=1774900080329153,2026-10-01,ativo,9,várias versões,vídeo motion,0:27,dinheiro escondido/assinaturas,STOP WASTING $ ON SUBSCRIPTIONS THAT ARE COLLECTING DUST.,Find subscriptions you forgot you're still paying for and cancel them fast with Experian.,Find and cancel subscriptions easily,grátis,Download,app Experian,,,
Chime,US,Meta,Chime,1723828595427707,https://www.facebook.com/ads/library/?id=1723828595427707,2026-07-27,ativo,75,2,vídeo motion cartão,0:10,número + rapidez,Open a Chime® Checking Account in 2 minutes and we'll spot you up to $200*,Get started today.,Signing up takes 2 minutes!,SpotMe até $200,Apply Now,chime.com,,1,
Chime,US,Meta,Chime,1597744678650491,https://www.facebook.com/ads/library/?id=1597744678650491,2026-08-06,ativo,65,várias versões,estático oferta,,bônus de cadastro,NEW ACCOUNT SIGN-UP BONUS — Get up to $350 with a new Chime Checking Account. $350*,Join today.,Signing up takes 2 minutes!,bônus até $350,Sign Up,chime.com,,2,
Chime,US,Meta,Chime,1794369341586077,https://www.facebook.com/ads/library/?id=1794369341586077,2026-08-01,ativo,70,1,estático,,prova social + número,"Open a Chime Checking Account in 2 minutes, we'll spot you up to $200",1 million+ 5 star app reviews,The #1 Most Loved Banking App,SpotMe até $200,Instalar agora,Google Play,,3,
Chime,US,Meta,Chime,998650779307360,https://www.facebook.com/ads/library/?id=998650779307360,2026-05-28,ativo,135,várias versões,vídeo motion,0:06,crédito sem consulta,Get 5% cash back and safely build credit with everyday purchases. No Credit Check · No Annual Fees · No Interest,Get started today.,Signing up takes 2 minutes!,cashback 5%,Sign Up,chime.com,,5,
Chime,US,Meta,Chime,1536479617869658,https://www.facebook.com/ads/library/?id=1536479617869658,2026-05-19,ativo,144,várias versões,estático,,recompensa,Get rewarded for everyday spending,Get started today.,Signing up takes 2 minutes!,—,Sign Up,chime.com,,17,
Chime,US,Meta,Rai.tryna com Chime,4416220885286216,https://www.facebook.com/ads/library/?id=4416220885286216,2026-06-23,ativo,109,1,vídeo UGC criador (partnership),0:33,criador/comentário,So I think I just... (criador com cartão),@chime really entered its prime! Comment “PRIME” and I’ll DM you a link with all the details of Chime Prime #ad,Rai.tryna,—,Cadastre-se,chime.com,,13,
Dave,US,Meta,The Dave App,806109171955010,https://www.facebook.com/ads/library/?id=806109171955010,2026-03-20,ativo,204,várias versões,vídeo mascote 3D,0:14,número + rapidez (cash advance),UP TO $500 IN 5 MIN OR LESS (urso),Surprise expense? Don't stress. Get up to $500 to cover the unexpected. dave.com/legal,Quick cash for surprise bills,ExtraCash até $500,Download,app Dave,,1,
Dave,US,Meta,The Dave App,1768930410778435,https://www.facebook.com/ads/library/?id=1768930410778435,2026-09-09,ativo,31,3,vídeo UGC,0:17,número + rapidez (cash advance),I GOT $350 (no carro com notas),Sudden expenses? Covered. ExtraCash® up to $500 in 5 min or less. dave.com/legal,Try the Dave app,ExtraCash,Download,app Dave,,2,
Dave,US,Meta,The Dave App,838370082609888,https://www.facebook.com/ads/library/?id=838370082609888,2026-03-24,ativo,200,várias versões,vídeo UGC,0:17,número + rapidez (cash advance),(UGC mulher com cachorro),Unexpected expense? Cover it with up to $500 in 5 min or less. dave.com/legal,Quick cash for surprise bills,ExtraCash,Download,app Dave,,3,
Dave,US,Meta,The Dave App,916215291187529,https://www.facebook.com/ads/library/?id=916215291187529,2026-03-19,ativo,205,várias versões,vídeo UGC selfie,0:24,número + rapidez (cash advance),(UGC selfie),Surprise expense? Don't stress. Get up to $500 to cover the unexpected. dave.com/legal,Quick cash for surprise bills,ExtraCash,Download,app Dave,,4,
Dave,US,Meta,The Dave App,1209138557991280,https://www.facebook.com/ads/library/?id=1209138557991280,2026-02-04,ativo,248,várias versões,vídeo UGC meme,0:38,número + rapidez (cash advance),Choose Your Fighter: Money Edition — Up to $500 in 5 min or less with Dave ExtraCash,Is your bank balance giving you the ick? You could qualify for up to $500 with ExtraCash®. No credit check.,Cash in clutch.,ExtraCash,Download,app Dave,,7,anúncio Dave mais antigo ativo
Dave,US,Meta,The Dave App,1471836407931088,https://www.facebook.com/ads/library/?id=1471836407931088,2026-03-25,ativo,199,várias versões,vídeo UGC,0:17,depoimento,How life has felt after I got $350 with the Dave app.,Unexpected expense? Cover it with up to $500 in 5 min or less.,Quick cash for surprise bills,ExtraCash,Download,app Dave,,6,
Albert,US,Meta,Albert,2277654183004043,https://www.facebook.com/ads/library/?id=2277654183004043,2026-06-02,ativo,130,várias versões,estático editorial (lista de usos),,empréstimo/imprevisto,"Borrow the money you need. Get up to $10,000 → Credit card debt / Home improvements / Vehicle repair / Emergency expenses","You’re one download away from up to $5,000 💰💵 👇 Download the app 💵 See how much you qualify for 🥳 Get cash fast","Get up to $5,000 fast",até $5.000–10.000,—,albert.com,,1,
Albert,US,Meta,Albert,2186201261958576,https://www.facebook.com/ads/library/?id=2186201261958576,2026-08-03,ativo,68,várias versões,vídeo motion,0:10,número + rapidez,Get up to $500,"Need cash in a pinch? Get up to $1,000 💰🤯 💙 Join 20M+ people on Albert",,até $1.000,—,albert.com,,3,
Albert,US,Meta,Albert,1413128330914772,https://www.facebook.com/ads/library/?id=1413128330914772,2026-08-17,ativo,54,várias versões,vídeo,0:14,empréstimo,"Get a loan up to $1,000","Get $25-$10,000 today from the lending app trusted by millions.","We’ll Spot You $25 – $10,000",até $10.000,Install Now,app Albert,,4,
Vibe Money (spence),US,Meta,Vibe Money,1448924783156432,https://www.facebook.com/ads/library/?id=1448924783156432,2026-05-07,ativo,156,1,vídeo UGC,0:13,assistente por texto/SMS,when spence texts me 'are you sure' when ive been living paycheck to paycheck,"spence checks if you can afford it and if it’s cheaper somewhere else. no fees, no catch, just text it.",Vibe Money,grátis,Cadastre-se,textspence.com,,,registro/consulta por SMS — mais próximo do ângulo conversacional
Vibe Money (spence),US,Meta,Vibe Money,924973110315576,https://www.facebook.com/ads/library/?id=924973110315576,2026-09-21,ativo,19,2,estático print de chat SMS,,assistente por texto/SMS,"Chat: 'literally never opening a spreadsheet again' / 'Can i afford these right now? [AirPods Pro 3]' → 'yup... Balance is $2,432.23'","with you, before you buy 💰 ask spence.",,grátis,—,textspence.com,,,
True Money Saver,US,Meta,True Money Saver - Kati Kiefer,1462933658758653,https://www.facebook.com/ads/library/?id=1462933658758653,2026-03-09,ativo,215,2,vídeo planilha,0:28,paguei $X de dívida/plano,DECISION MATRIX ... USING THE PAYMENTS YOU ALREADY [make],All the effort in the world won’t change your elimination date... only a plan will. This is your sign: enter four numbers and get a personalized schedule that shows exactly when balances hit zero,,—,—,,,,
True Money Saver,US,Meta,True Money Saver - Kati Kiefer,1049892421065446,https://www.facebook.com/ads/library/?id=1049892421065446,2026-08-02,ativo,69,1,estático foto de extratos + carta longa,,dívida (história 1ª pessoa),Foto: extratos e cartões espalhados na mesa,"I added up every payment we send toward debt each month. $2,847. Then I looked at how much our total balances actually went down last month. $341. My husband found me crying at the kitchen table at 10:30pm...",,—,—,,,,
True Money Saver,US,Meta,True Money Saver - Kati Kiefer,1615931880070282,https://www.facebook.com/ads/library/?id=1615931880070282,2026-10-04,ativo,6,várias versões,estático foto + carta longa,,dívida (data de quitação),Foto de extratos,"Our debt payoff date was 2049. Then I ran the same $2,847 a month in payments in a different order, and it said 2030...",,—,—,,,,
DollarWise,US,Meta,Dollarwise,1024132903882310,https://www.facebook.com/ads/library/?id=1024132903882310,2026-05-28,ativo,135,1,vídeo UGC,1:06,anti-culpa,POV: budgeting feels like a punishment,"Nobody actually taught us how to manage money. And every budgeting app out there feels like it was designed by someone who thinks your daily coffee is a character flaw. DollarWise is different. No lectures, no guilt...",,—,—,,,,app do Caleb Hammer
Budget by Steph,US,Meta,Budget by Steph,2043551613212733,https://www.facebook.com/ads/library/?id=2043551613212733,2026-06-28,ativo,104,1,vídeo UGC meme,0:11,nicho TDAH,"Me, an ADHD impulsive spender that has failed every budgeting tactic, trying to figure out why it never became a fun habit - just another chore.",🎉 LAST CHANCE: Use code BUDGET10 for 10% off... Real talk: I've failed at budgeting more times than I've successfully stuck to a New Year's resolution.,,cupom 10%,—,,,,"planner/template, não app"
Thrive Money,US,Meta,Thrive Money,1288452229791274,https://www.facebook.com/ads/library/?id=1288452229791274,2026-07-08,ativo,94,1,vídeo,1:15,categorização por IA,"Your money deserves a CFO, not another spreadsheet.","Thrive's AI analyzes every transaction, builds your budget, and tells you exactly where to put your next dollar",,—,—,,,,
Era Finance,US,Meta,Era Finance,1319580736753018,https://www.facebook.com/ads/library/?id=1319580736753018,2026-09-15,ativo,25,1,vídeo UGC,1:01,IA conectada (Claude/ChatGPT),(UGC),Manage your money with the AI you already use. Connect your finances to Claude or ChatGPT with Era.,Make AI work for your money,—,Assinar,era.app,,,
Origin,US,Meta,Origin Financial,2587631305051061,https://www.facebook.com/ads/library/?id=2587631305051061,2026-09-09,ativo,31,várias versões,estático comparação split,,migração/alternativa + IA,Budgeting Basic vs Origin — $99.00 → $1.00 for 1 year,"Track your spend across all of your accounts while our proactive AI Advisor finds new ways to save you money. Get origin for just $1 for 1 year (renews at $99, new members only). The Mint alternative",,$1 no 1º ano,—,,,,
PocketSmith,US,Meta,PocketSmith,1888741729203546,https://www.facebook.com/ads/library/?id=1888741729203546,2026-09-27,ativo,13,várias versões,estático,,IA conectada,"Talk to your money with your favourite AI 🤖 ($7,690.76 this month)","Take control of your money, with a little help from AI. PocketSmith combines powerful personal finance tools with the option to securely connect your chosen AI assistant",The best personal finance software,—,—,,,,
Boldin,US,Meta,Boldin,4688099481411070,https://www.facebook.com/ads/library/?id=4688099481411070,2026-02-10,ativo,242,5,vídeo fundador/especialista,1:03,patrimônio/aposentadoria,(especialista no laptop),See how your wealth performs across different retirement paths.,Plan the Future of a High-Net-Worth Retirement,—,Sign Up,boldin.com,,,
Emma,GB,Meta,Emma,1088479433519686,https://www.facebook.com/ads/library/?id=1088479433519686,2026-08-16,ativo,55,várias versões,vídeo screen recording de planilha,0:10,troca de planilha,"Planilha 'Monthly Budget £1,888.00' (Mortgage, ALDI, Uber Eats, Spotify, Disney+...)",Take control of your £££ 🤑 Download the Emma app,Join 3+ Million Users Today,—,Install Now,App Store,,,copy idêntica à Rocket Money (£ no lugar de $)
Emma,GB,Meta,Emma,1706426310436157,https://www.facebook.com/ads/library/?id=1706426310436157,2026-09-08,ativo,32,várias versões,vídeo entrevista de rua (Londres),0:37,entrevista de rua,HOW ARE...,Take control of your £££ 🤑 Download the Emma app,Join 3+ Million Users Today,—,Install Now,App Store,,,
Emma,GB,Meta,Emma,1043603008457654,https://www.facebook.com/ads/library/?id=1043603008457654,2026-09-02,ativo,38,2,vídeo UGC quarto,0:44,UGC,(UGC),Take control of your £££ 🤑 Download the Emma app,Join 3+ Million Users Today,—,Install Now,App Store,,,
Moneybox,GB,Meta,Moneybox,4476549612569053,https://www.facebook.com/ads/library/?id=4476549612569053,2026-04-30,ativo,163,várias versões,vídeo UGC 'budget with me',0:29,budget with me (salário),Budget with me 27yo earning £39k / I earn £39k,Saving for your first home? Get there faster with our Lifetime ISA. 🏡 Govt. withdrawal charge may apply.,,bônus governo 25%,Install Now,App Store,,1,Capital at risk. ISA & tax rules apply.
Moneybox,GB,Meta,Moneybox,1612503377102013,https://www.facebook.com/ads/library/?id=1612503377102013,2026-08-01,ativo,70,várias versões,vídeo UGC 'budget with me',0:28,budget with me (salário),Budget with me 27yo earning £39k / Here's how I budget,Tax year ends soon! Use your £20k ISA limit now. Open a Moneybox Stocks & Shares ISA today.,,—,Install Now,App Store,,3,
Moneybox,GB,Meta,Moneybox,1444298671086473,https://www.facebook.com/ads/library/?id=1444298671086473,2026-08-21,ativo,50,4,vídeo depoimento cliente,0:23,depoimento,Had more than one job? Keep watching 👀 (Adam - Moneybox Pension customer),"One easy personal pension, one award-winning app. Open a Moneybox Pension today.",,—,Install Now,App Store,,2,
Moneybox,GB,Meta,Moneybox,1088159243636118,https://www.facebook.com/ads/library/?id=1088159243636118,2026-08-03,ativo,68,2,estático gráfico comparativo,,comparação de taxas,"Grow your pension, not your pension fees. (barras £150 vs £625)","One easy personal pension, one award-winning app.",,taxa capada £150/ano,—,,,6,
Moneybox,GB,Meta,Moneybox,1716529799698955,https://www.facebook.com/ads/library/?id=1716529799698955,2026-06-12,ativo,120,1,estático lista passo a passo,,tutorial/meta,"How to save for a first home deposit faster (1. Open LISA 2. Save up to £4,000 3. Get 25% govt. bonus)",Saving for your first home? Get there faster with our Lifetime ISA. 🏡,Moneybox - Save and Invest,bônus 25%,Instalar agora,App Store,,7,
Plum,GB,Meta,Plum,1338223165034300,https://www.facebook.com/ads/library/?id=1338223165034300,2026-06-29,ativo,103,várias versões,estático desafio,,desafio de poupança,"Begin with £1 (Week 1) → End with £1,378 (Week 52) — The 52-Week Challenge","With Plum you can access 8 automatic savings rules, plus several options to grow your savings.",The Intelligent Savings App,assinatura,Install Now,App Store,,1,
Plum,GB,Meta,Plum,1522555316232576,https://www.facebook.com/ads/library/?id=1522555316232576,2026-06-29,ativo,103,1,estático desafio (curva),,desafio de poupança,"The 52-week challenge: Begin with £1 → End with £1,378","With Plum you can access 8 automatic savings rules, plus several options to grow your savings.",The Intelligent Savings App,assinatura,Instalar agora,App Store,,2,
Plum,GB,Meta,Plum,907608582357218,https://www.facebook.com/ads/library/?id=907608582357218,2026-06-29,ativo,103,várias versões,estático gráfico de barras,,desafio de poupança,"Start with £1 → End with £1,378","With Plum you can access 8 automatic savings rules, plus several options to grow your savings.",The Intelligent Savings App,assinatura,Install Now,App Store,,3,
Plum,GB,Meta,Plum,1489511489107234,https://www.facebook.com/ads/library/?id=1489511489107234,2026-06-29,ativo,103,3,vídeo UGC viagem + notificação,0:18,poupança automática,Week 3 Saved £12.25 / Big spend week = More Round ups (Veneza),"With Plum you can access 8 automatic savings rules, plus several options to grow your savings.",,assinatura,—,,,4,
Plum,GB,Meta,Plum,1618141673370790,https://www.facebook.com/ads/library/?id=1618141673370790,2026-08-26,ativo,45,1,vídeo meme greenscreen,0:07,FOMO/poupança,"Me showing my friends how much they could have set aside if they started using Plum (Holiday Pot £9,102.44)",Effortless Saving Starts Now.,Saving Made Easy,assinatura,Instalar agora,App Store,,7,
Plum,GB,Meta,Plum,1555907532849060,https://www.facebook.com/ads/library/?id=1555907532849060,2026-06-29,ativo,103,1,vídeo UGC 'budget with me',0:23,budget with me (salário),Budget my £38k accountant salary with me (London),"With Plum you can access 8 automatic savings rules, plus several options to grow your savings.",The Intelligent Savings App,assinatura,Instalar agora,Google Play,,8,
Plum,GB,Meta,Plum,2055343288666453,https://www.facebook.com/ads/library/?id=2055343288666453,2026-07-09,ativo,93,várias versões,estático meta concreta,,meta concreta,"£4,000 for a ticket to the final? £19 a week could get you there for 2030","With Plum you can access 8 automatic savings rules, plus several options to grow your savings.",The Intelligent Savings App,assinatura,Install Now,App Store,,9,
Plum,GB,Meta,Plum,1592007832501614,https://www.facebook.com/ads/library/?id=1592007832501614,2026-07-22,ativo,80,várias versões,estático fluxograma,,desafio de poupança,Do you use the 1p challenge? Yes → wait 365 days → £667.95 / No → £0,"With Plum you can access 8 automatic savings rules, plus several options to grow your savings.",The Intelligent Savings App,assinatura,Install Now,App Store,,11,
Plum,GB,Meta,Plum,,,2026-06-29,ativo,,várias versões,vídeo UGC casal,,casais / budget with me,BUDGET OUR COMBINED £65K SALARY,"With Plum you can access 8 automatic savings rules, plus several options to grow your savings.",,assinatura,—,,,,ID não capturado
Chip,GB,Meta,Chip,1082800517534415,https://www.facebook.com/ads/library/?id=1082800517534415,2026-08-20,ativo,51,1,vídeo tipográfico (prova social),0:09,prova social antecipada,"3,596 five-star reviews and counting... (Trustpilot)",You were going to look Chip up before downloading it anyway. So to save you some time: • 400k+ users • Thousands of 5-star reviews • 4-time winner of Best Personal Finance App,Join 400k+ wealth builders.,—,Baixar,getchip.uk,,1,
Chip,GB,Meta,Chip,1040763698743154,https://www.facebook.com/ads/library/?id=1040763698743154,2026-08-20,ativo,51,1,vídeo tipográfico,0:07,agregação,"Pension app, investments app, savings app (riscados) → Everything in one place",Savings here. Investments there. Another app you forgot you downloaded. Chip keeps everything in one place.,Choose well. Choose Chip.,—,Baixar,getchip.uk,,3,
Chip,GB,Meta,Chip,1392963766099640,https://www.facebook.com/ads/library/?id=1392963766099640,2026-08-20,ativo,51,1,estático 'sign',,procrastinação,Need a sign to stop doomscrolling and sort your finances? This is it. (circulado à mão),You’ve watched enough finance content to know you should be doing something. Downloading Chip is the something.,Start in minutes,—,—,getchip.uk,,9,
Finanzguru,DE,Meta,Finanzguru,1040041072104227,https://www.facebook.com/ads/library/?id=1040041072104227,2026-08-19,ativo,52,1,vídeo UGC POV,0:35,dia do pagamento,POV: GEHALT IST GEKOMMEN,Deine Finanzen versinken im Chaos? Hol dir den Überblick zurück mit Finanzguru. 🚀 Sicher & kostenlos.,Finanzguru,grátis,Instalar agora,App Store,2.942.954,1,
Finanzguru,DE,Meta,Finanzguru,2441898633005049,https://www.facebook.com/ads/library/?id=2441898633005049,2026-08-19,ativo,52,2,estático manuscrito,,orçamento no papel,"Orçamento à mão em papel quadriculado com marca-texto 'Lohn: 2367,59€ ... = 1104,20€'",Deine Finanzen versinken im Chaos? Hol dir den Überblick zurück mit Finanzguru. 🚀 Sicher & kostenlos.,,grátis,—,,,2,
Finanzguru,DE,Meta,Finanzguru,2596805980791360,https://www.facebook.com/ads/library/?id=2596805980791360,2026-08-24,ativo,47,1,estático planilha anotada (gerado por IA),,dinheiro escondido/assinaturas,"Planilha 'Monatliches Budget' com setas '← senken / ← Alternative? / ← kündigen' (Lieferando, McFit, Spotify, Netflix)",Deine Finanzen versinken im Chaos? Hol dir den Überblick zurück mit Finanzguru. 🚀 Sicher & kostenlos.,Finanzen magisch einfach,grátis,Instalar agora,Google Play,,3,selo 'AI GENERATED'
Finanzguru,DE,Meta,Bluebrywow com Finanzguru,1509899604222881,https://www.facebook.com/ads/library/?id=1509899604222881,2026-08-03,ativo,68,2,vídeo criador (partnership),0:40,categorização automática,ALLES TEUER,"Alles wird teurer 🫠 ... Mit Finanzguru werden deine Ausgaben automatisch kategorisiert, wiederkehrende Kosten erkannt und unnötige Verträge übersichtlich angezeigt.",,grátis,—,,632.966,4,
Finanzguru,DE,Meta,Finanzguru,2431433250715656,https://www.facebook.com/ads/library/?id=2431433250715656,2026-09-18,ativo,22,2,estático advertorial de imprensa,,prova de imprensa/TV,App aus „Die Höhle der Löwen“ ist Riesenerfolg,App aus „Die Höhle der Löwen“ ist Riesenerfolg,Sparen,grátis,Instalar agora,,,7,
Finanzguru,DE,Meta,Finanzguru,1130755032712567,https://www.facebook.com/ads/library/?id=1130755032712567,2026-09-17,ativo,23,1,estático parceria,,aposentadoria/parceria,FRIENDS WITH FINANCIAL BENEFITS / ZWEI FÜR DEINE RENTE (Franklin Templeton),Finanzguru und Franklin Templeton: Die perfekte Partnerschaft für deine Altersvorsorge!,Altersvorsorgedepot 2027,—,Saiba mais,finanzguru.de,,5,
Finanzguru,DE,TikTok (Ad Library UE),dwins GmbH,,,2026-09-22,ativo,18,,estático parceria,,aposentadoria/parceria,ZWEI FÜR DEINE RENTE (Franklin Templeton),,,—,,,300K–400K únicos (TikTok),,1.062 anúncios Finanzguru no TikTok DE em 30 dias
Bankin',FR,Meta,Bankin',1991953858134001,https://www.facebook.com/ads/library/?id=1991953858134001,2026-09-24,ativo,16,várias versões,vídeo UGC,0:17,crédito rápido,Mini-crédit en 24H / J'ai plus une thune,Réalisez tous vos projets grâce à l'application Bankin' qui vous prête jusqu'à 3000€ ✈️,L'app qui t'aide à faire des économies 💸,empréstimo até 3.000€,Install Now,app Bankin',224.396,1,
Bankin',FR,Meta,Bankin',1111385578504601,https://www.facebook.com/ads/library/?id=1111385578504601,2026-09-24,ativo,16,várias versões,estático print de post,,bônus de afiliação,Print de post sobre bônus de 160€ por abrir conta,160€ offerts à l'ouverture d'un compte Fortuneo sur Bankin' 😱💸,Bankin' - L'app n°1 de gestion d'argent,bônus 160€,Install Now,app Bankin',,2,
Bankin',FR,Meta,Bankin',1587076449544189,https://www.facebook.com/ads/library/?id=1587076449544189,2026-09-24,ativo,16,1,estático lista 42 dias,,desafio/plano,42 jours pour sortir du découvert — Fini les fins de mois difficiles. Télécharge Bankin',"Avec Bankin', suivez votre objectif d'épargne sans stress. Graphiques intuitifs et alertes pour ne rien manquer ! 📈💰",L'app qui vous aide VRAIMENT à gérer votre argent,grátis,Instalar agora,Google Play,,13,
Bankin',FR,TikTok (Ad Library UE),BANKIN',,,2026-09-06,ativo,34,,vídeo papel manuscrito (resposta a comentário),,orçamento no papel,LE BUDGET IDÉAL pour une personne qui gagne 1 900 €,,,—,,,400K–500K únicos (TikTok),,top TikTok Bankin' FR
Bankin',FR,TikTok (Ad Library UE),BANKIN',,,2026-09-06,ativo,34,,vídeo greenscreen sobre orçamento em Notas,,orçamento antigo vs app,MARS 2026 ... Vous gérez encore votre argent comme ça...?? 😱,,,—,,,200K–300K únicos (TikTok),,
Linxo,FR,Meta,Linxo,871198635733602,https://www.facebook.com/ads/library/?id=871198635733602,2026-02-09,inativo,39,9,estático mão + tela,,controle/serenidade,"Linxo Lab — Prenez le contrôle sur votre budget (donut 5 460,90 €)",🧘 Une app gratuite pour enfin gérer votre budget en tout sérénité.,Une app pour mieux gérer son argent 📱,grátis,Install Now,,,1,
Linxo,FR,Meta,stellapourpre com Linxo,26486671307610620,https://www.facebook.com/ads/library/?id=26486671307610620,2026-04-22,inativo,35,6,vídeo UGC (partnership),0:23,gastos-formiga,J'ai jamais su faire mes comptes… et franchement ça me stressait 😅,"...en réalité, c’était toutes ces petites dépenses du quotidien : cafés, livraisons, abonnements…",,grátis,—,,,2,
Linxo,FR,Meta,Linxo,1348981286983299,https://www.facebook.com/ads/library/?id=1348981286983299,2026-02-19,inativo,29,11,estático mão + tela,,controle,"Gardez la main sur vos finances (19 937,24 €)",🧘 Une app gratuite pour enfin gérer votre budget en tout sérénité.,Une app pour mieux gérer son argent 📱,grátis,Install Now,,,4,
Fintonic,ES,Meta,Fintonic,1198075642259474,https://www.facebook.com/ads/library/?id=1198075642259474,2025-12-16,inativo,78,7,estático lifestyle + oferta,,empréstimo,"¿Necesitas un préstamo personal? Hasta 50mil€ / 24h / desde 5,83% TIN (casal na praia)",¿Necesitas un préstamo sin esperas ni papeleos infinitos? 💶 En Fintonic te encontramos tu préstamo ideal entre 40 entidades TOP.,¿Necesitas un préstamo?,até 50.000€,—,,,3,
Fintonic,ES,Meta,Fintonic,1950189189701022,https://www.facebook.com/ads/library/?id=1950189189701022,2026-09-09,inativo,20,1,vídeo corte de videopodcast,1:40,privacidade/intimidade,Tu banco sabe más de ti que tu pareja. Literal.,Tu banco guarda secretos tuyos que no le has contado ni a tu pareja. Sabe que te gastaste 200€ en aquella cena que dijiste que costó 80...,,—,—,,,11,
Fintonic,ES,Meta,Fintonic,4532421683750849,https://www.facebook.com/ads/library/?id=4532421683750849,2026-08-27,inativo,11,1,vídeo corte de videopodcast,1:15,dinheiro escondido/assinaturas,Llevaba meses pagando algo que no usaba y no tenía ni idea,"¿Cuántas suscripciones pagas ahora mismo sin saberlo? A la COO de Fintonic le pasó con Netflix, y no se enteró hasta que agregó su cuenta bancaria a la app.",,—,—,,,12,
Fintonic,ES,Meta,Fintonic,1553256256173505,https://www.facebook.com/ads/library/?id=1553256256173505,2026-07-21,inativo,37,1,vídeo corte de videopodcast,1:01,educação/riqueza,No todo el mundo está preparado para tener mucho dinero.,"👉 Si mañana te ingresaran 1 millón de euros, ¿qué sería lo primero que harías?",,—,—,,,2,
WISO Steuer (selo Finanzfluss),DE,Meta,WISO Steuer,1961501234560510,https://www.facebook.com/ads/library/?id=1961501234560510,2026-08-04,ativo,67,várias versões,estático parede de selos,,prova de testes/prêmios,"Steuererklärung? Nur mit WISO Steuer — pessoa segurando selo + parede de selos (Stiftung Warentest, CHIP, Finanzfluss)",Steuererklärung? Nur mit WISO Steuer,Ø 1.674 € Erstattung,teste grátis,Shop Now,buhl.de,,,Finanzfluss não anuncia; aparece como selo
Monarch,US,Google (Search/Display),"Monarch Money, Inc.",,,,ativo/recente,,~200 anúncios no domínio,texto Search,,migração/alternativa,An Alternative To Rocket Money - Voted WSJ's Best Budgeting App,"The Best Way to Track Your Budget, Analyze Your Investments, and Optimize Your Spending...",,—,—,monarch.com,,,
Monarch,US,Google (Search/Display),"Monarch Money, Inc.",,,,ativo/recente,,,texto Search,,migração/alternativa,A Tiller Alternative - Voted WSJ's Best Budgeting App,"Switch To Monarch & Gain Financial Clarity With Account, Transaction & Investment Tracking...",,—,—,monarch.com,,,
Monarch,US,Google (Search/Display),"Monarch Money, Inc.",,,,ativo/recente,,,texto Search,,casais,Household Money Management - Budgeting App For Couples,...Money Management Tool For Power Couples - Get A Joint...,,—,—,monarch.com,,,
Monarch,US,Google (Search/Display),"Monarch Money, Inc.",,,,ativo/recente,,,texto Search,,casais + oferta,Sync Your Bank Accounts - Monarch Money - Best Budget App for Couples,"Track All Of Your Account Balances, Transactions, And Investments In One Place...",,50% off Annual Plan,—,monarch.com,,,
Monarch,US,Google (Search/Display),"Monarch Money, Inc.",,,,ativo/recente,,,texto Search,,patrimônio líquido,Net Worth Tracking Made Easy - The Modern Way To Manage Money,See An In-Depth View Of Your Net Worth...,,50% off Annual Plan,—,monarch.com,,,
Monarch,US,Google (Search/Display),"Monarch Money, Inc.",,,,ativo/recente,,,texto Search,,IA,Budget & Finance Planner - AI Personal Finance Assistant,...Best App For Couples. Ditch Spreadsheets. WSJ's Best Budgeting App #1,,—,—,monarch.com,,,
Monarch,US,Google (Search/Display),"Monarch Money, Inc.",,,,ativo/recente,,,display,,depoimento/oferta,Honestly I needed to see it laid out like this. Painful... but helpful 😬,Get 50% Off Monarch's Core Plan Now. Have issues tracking all your bank accounts? Let Monarch do the heavy lifting,,50% off,Visit Site,monarch.com,,,
YNAB,US,Google (Search/Display),YOU NEED A BUDGET LLC,,,,ativo/recente,,32 anúncios no domínio,texto Search,,ansiedade,YNAB™ - Take Control of Your Money,Say goodbye to financial stress with YNAB. Start your 34 day free trial now.,,trial 34 dias,—,ynab.com,,,YNAB só compra Search de marca
YNAB,US,Google (Search/Display),YOU NEED A BUDGET LLC,,,,ativo/recente,,,texto Search,,dívida/culpa,Guilt-Free Spending - YNAB™,Join the hundreds of thousands of people who've gotten out of debt with YNAB. (4.5★ 249),,—,—,ynab.com,,,
Rocket Money,US,Google (Search/Display),Truebill Inc.,,,,ativo/recente,,~200 anúncios no domínio,texto Search,,IA + texto,Your Money Can Text Now - The Money App Powered By AI,"The Financial Assistant That Can Cancel Subscriptions, Track Free Trials, And Save Money",,—,—,onboarding.rocketmoney.com,,,
Rocket Money,US,Google (Search/Display),Truebill Inc.,,,,ativo/recente,,,texto Search,,dinheiro escondido/assinaturas,Subscription finder app - Find Hidden Subscriptions,Let Us Save You Time And Hassle By Canceling Services...,,—,—,onboarding.rocketmoney.com,,,
Rocket Money,US,Google (Search/Display),Truebill Inc.,,,,ativo/recente,,,texto Search,,dinheiro escondido/assinaturas,Budget Tracking & Planning - Track Bills & Subscriptions,"Monitor your expenses, cancel subscriptions, and lower bills - all with one app. Find hidden costs...",,—,—,onboarding.rocketmoney.com,,,
Copilot Money,US,Google (Search/Display),"Copilot Money, Inc.",,,,ativo/recente,,18 anúncios no domínio,texto Search,,privacidade/planilha,Copilot Money - Copilot Money Budgeting App,"Say goodbye to spreadsheets... No ads, just a great app.",,trial 30 dias,Download The App,copilot.money,,,
Copilot Money,US,Google (Search/Display),"Copilot Money, Inc.",,,,ativo/recente,,,texto Search,,privacidade/patrimônio,"Copilot Money – Personal Finance App for Web, iPhone, Mac and iPad","Track spending, budgets, investments & net worth... powered by smart automation and built with privacy at the center.",,—,—,copilot.money,,,
